!abacus,!abacus,device for counting
!abandon,!abandon,give up; desert
!abase,!abase,humble; degrade; debase
!abate,!abate,lessen
!abattoir,!abattoir,slaughter house
!abbey,!abbey,monastery or nunnery
!abbot,!abbot,superior of an abbey; abbess female
!abbreviate,!abbreviate,abridge; shorten; abbreviation; shortening; part of a word put for a whole
!abdicate,!abdicate,renounce
!abdomen,!abdomen,belly
!abduct,!abduct,kidnap
!aberration,!aberration,mental derangement
!abeyance,!abeyance,state of suspension
!abhor,!abhor,loathe
!abide,!abide,wait for; endure; dwell
!ability,!ability,power; faculty
!abject,!abject,mean; contemptible
!abjure,!abjure,renounce solemnly
!ablution,!ablution,act of washing
!abnegation,!abnegation,denial; renunciation
!abnormal,!abnormal,not normal or according to rule
!abode,!abode,dwelling place
!abolish,!abolish,annul
!abominable,!abominable,hateful
!aboriginal,!aboriginal,primitive
!aborigines,!aborigines,first inhabitants
!abortion,!abortion,premature birth; esp. if voluntary brought about; miscarriage of plans
!abound,!abound,be plentiful; in great abundance
!abrade,!abrade,scrape or wear away; abrasion
!abridge,!abridge,shorten; abridgment
!abroad,!abroad,at large; in foreign lands
!abrogate,!abrogate,repeal; annul; abrogation
!abrupt,!abrupt,sudden; unexpected; sleep
!abscond,!abscond,go away secretly to avoid legal action
!absence,!absence,being away; want; lack
!absent,!absent,keep oneself away
!absent,!absent,not present; absentee; absenteeism; frequent absence of workers from job
!absolute,!absolute,complete; perfect; zero; 459.6degrees F. below zero; absolutely
!absolve,!absolve,acquit; remit sin; pardon
!absorb,!absorb,suck in; swallow up; engage wholly; abosorbtion
!abstain,!abstain,refrain[from]
!abstemious,!abstemious,temperature
!abstinence,!abstinence,abstaining; abstinent
!abstract,!abstract,take away; separate; eptomize
!abstract,!abstract,abridgement; essence; abstration art; art making use of non-pictorial designs
!abstruse,!abstruse,difficult to understand
!absurd,!absurd,irrational
!abundance,!abundance,overflowing; plenty; abundant
!abuse,!abuse,ill use; misapplication; contumely; abusive
!abuse,!abuse,use wrongly
!abysmal,!abysmal,bottomless
!abyss,!abyss,bottomless gulf; vast depth
!academic,!academic,scholastic
!academy,!academy,preparatory school
